{
    "title": "output.json",
    "center_of_mass": {
        "x": -0.00012732897,
        "y": -4.0493716e-11,
        "z": -0.0010363417
    }
}