{
    "title": "output.json",
    "center_of_mass": {
        "x": -0.12732863,
        "y": 1.0363415,
        "z": -9.5138624e-08
    }
}