{
    "title": "output.json",
    "center_of_mass": {
        "x": -0.12732865,
        "y": -1.018787e-07,
        "z": -1.0363417
    }
}