{
    "ids": [
        "dd291644-db73-4395-a72d-07eae6f3d26c",
        "e43369c5-ae8f-4ae2-bab8-d9ae323663de"
    ],
    "volume": 100.91122436523438,
    "mass": 0.7921530604362488
}