{
    "title": "output.json",
    "volume": 100.91122436523438,
    "mass": 0.7921530604362488
}