{
    "title": "output.json",
    "volume": 14.821994,
    "mass": 0.11635265
}