{
    "title": "output.json",
    "volume": 14.821994733531028,
    "mass": 1.1635265865821856e-07
}