{
    "title": "output.json",
    "volume": 1.482200484078979e-08,
    "mass": 1.1635273800019985e-16
}