{
    "title": "output.json",
    "volume": 14.821994772568965,
    "mass": 1.1635265896466637e-07
}